"ano","departamento","municipio","nivel_de_riesgo","numero_de_muestras","promedio_irca"
"2012","Valle del Cauca","Sevilla","BAJO","66","8.06"
"2012","Valle del Cauca","Yotoco","MEDIO","38","19.10"
"2012","Caquetá","El Doncello","BAJO","26","10.24"
"2012","Santander","Málaga","BAJO","33","7.12"
"2012","Bolívar","Simití","MEDIO","31","16.19"
"2012","Casanare","Támara","ALTO","22","62.85"
"2012","Meta","Puerto López","ALTO","18","47.68"
"2012","Valle del Cauca","Andalucía","BAJO","22","10.08"
"2012","Meta","Villavicencio","SIN RIESGO","84","0.33"
"2012","Boyacá","Corrales","ALTO","17","42.91"
"2012","Cauca","Inzá","BAJO","44","11.49"
"2012","Santander","Pinchote","BAJO","16","13.04"
"2012","Tolima","Venadillo","BAJO","7","9.45"
"2012","Antioquia","Concepción","SIN RIESGO","8","0.00"
"2012","Cundinamarca","Tocaima","BAJO","27","6.27"
"2012","Cundinamarca","Paratebueno","MEDIO","11","16.09"
"2012","Bolívar","Magangué","BAJO","33","10.72"
"2012","Córdoba","Lorica","SIN RIESGO","30","4.42"
"2012","Magdalena","El Piñon","MEDIO","19","17.92"
"2012","Cundinamarca","Caqueza","SIN RIESGO","10","0.17"
"2012","Córdoba","Momil","BAJO","5","13.41"
"2012","Nariño","La Cruz","ALTO","195","48.96"
"2012","Antioquia","Itagui","SIN RIESGO","71","4.43"
"2012","Norte de Santander","Sardinata","ALTO","19","42.94"
"2012","Casanare","Aguazul","MEDIO","74","18.83"
"2012","Cundinamarca","Granada","BAJO","17","13.90"
"2012","Bolívar","Mahates","MEDIO","30","33.52"
"2012","Atlántico","Palmar De Varela","SIN RIESGO","16","2.31"
"2012","Sucre","Tolú Viejo","ALTO","29","41.29"
"2012","Meta","Uribe","MEDIO","10","20.80"
"2012","Risaralda","Quinchía","MEDIO","26","23.19"
"2012","Santander","Cerrito","MEDIO","11","31.47"
"2012","Cundinamarca","Quetame","SIN RIESGO","11","4.57"
"2012","La Guajira","Fonseca","BAJO","73","9.70"
"2012","Antioquia","Ebéjico","SIN RIESGO","8","0.42"
"2012","Huila","Neiva","MEDIO","128","16.88"
"2012","Magdalena","Guamal","MEDIO","43","18.62"
"2012","Bolívar","Soplaviento","ALTO","29","42.43"
"2012","Magdalena","Fundación","SIN RIESGO","57","3.48"
"2012","Tolima","Dolores","ALTO","7","38.81"
"2012","Norte de Santander","Teorama","MEDIO","12","30.13"
"2012","Cauca","Caloto","MEDIO","22","17.14"
"2012","Risaralda","Marsella","BAJO","76","13.18"
"2012","Santander","Curití","SIN RIESGO","14","4.20"
"2012","Cesar","Pailitas","ALTO","38","78.31"
"2012","Cundinamarca","Arbeláez","BAJO","10","6.70"
"2012","Caquetá","Albania","BAJO","19","9.11"
"2012","Santander","Mogotes","SIN RIESGO","10","4.52"
"2012","Boyacá","Viracachá","ALTO","25","35.50"
"2012","Antioquia","Rionegro","SIN RIESGO","13","1.90"
"2012","Santander","Enciso","MEDIO","15","24.80"
"2012","Huila","Pital","ALTO","29","53.96"
"2012","Cundinamarca","Facatativá","SIN RIESGO","69","1.70"
"2012","Sucre","Santiago De Tolú","SIN RIESGO","25","2.24"
"2012","Cundinamarca","Puerto Salgar","BAJO","8","9.23"
"2012","Arauca","Arauquita","SIN RIESGO","93","0.78"
"2012","Bolívar","Santa Rosa Del Sur","ALTO","31","73.82"
"2012","Tolima","Palocabildo","ALTO","3","74.26"
"2012","Bolívar","San Jacinto","MEDIO","24","22.62"
"2012","Norte de Santander","Tibú","MEDIO","28","19.75"
"2012","Risaralda","La Celia","MEDIO","44","21.79"
"2012","Norte de Santander","El Zulia","MEDIO","35","28.32"
"2012","Valle del Cauca","Guadalajara De Buga","MEDIO","129","27.80"
"2012","Caldas","Viterbo","ALTO","75","54.30"
"2012","Archipiélago de San Andrés. Providencia y Santa Catalina","San Andrés","SIN RIESGO","103","0.69"
"2012","Bolívar","Río Viejo","ALTO","30","60.75"
"2012","Valle del Cauca","Jamundí","SIN RIESGO","6","0.00"
"2012","Bolívar","Achí","MEDIO","31","17.53"
"2012","Atlántico","Polonuevo","SIN RIESGO","44","0.44"
"2012","Bolívar","Altos Del Rosario","ALTO","30","54.42"
"2012","Casanare","Orocué","MEDIO","13","17.33"
"2012","Boyacá","Guateque","MEDIO","39","27.84"
"2012","Antioquia","Girardota","SIN RIESGO","34","1.14"
"2012","Meta","Puerto Lleras","BAJO","10","12.92"
"2012","Vaupés","Caruru","ALTO","16","72.55"
"2012","Caldas","Manizales","ALTO","243","49.84"
"2012","Boyacá","Sutamarchán","ALTO","31","61.12"
"2012","Vichada","Santa Rosalía","MEDIO","57","30.64"
"2012","Córdoba","Moñitos","BAJO","5","7.32"
"2012","Antioquia","Amalfi","SIN RIESGO","16","0.00"
"2012","Quindio","Pijao","SIN RIESGO","23","0.78"
"2012","Cauca","Florencia","MEDIO","15","29.41"
"2012","La Guajira","Dibulla","ALTO","23","75.60"
"2012","Huila","Palermo","MEDIO","56","23.67"
"2012","Caldas","Palestina","MEDIO","63","29.92"
"2012","Santander","Sabana De Torres","BAJO","18","6.94"
"2012","Valle del Cauca","San Pedro","BAJO","15","5.76"
"2012","Tolima","Anzoátegui","ALTO","23","36.29"
"2012","Cundinamarca","San Juan De Río Seco","ALTO","9","36.57"
"2012","Tolima","Rioblanco","MEDIO","11","14.94"
"2012","Vichada","La Primavera","MEDIO","44","19.63"
"2012","Cauca","Timbiquí","INVIABLE SANITARIAMENTE","7","93.47"
"2012","Boyacá","Sogamoso","BAJO","205","12.78"
"2012","Santander","Landázuri","MEDIO","6","34.69"
"2012","Cauca","Santa Rosa","BAJO","27","11.31"
"2012","Sucre","San Marcos","BAJO","58","7.97"
"2012","Tolima","Fresno","MEDIO","29","19.43"
"2012","Boyacá","Páez","MEDIO","19","27.80"
"2012","Cundinamarca","Cabrera","MEDIO","9","26.22"
"2012","Córdoba","Buenavista","ALTO","5","57.31"
"2012","Boyacá","Quípama","BAJO","30","8.16"
"2012","Bolívar","San Fernando","ALTO","27","50.93"
"2012","Cundinamarca","La Calera","SIN RIESGO","32","3.70"
"2012","Santander","Galán","BAJO","5","11.96"
"2012","Sucre","Sucre","MEDIO","7","23.10"
"2012","Santander","Coromoro","ALTO","9","40.17"
"2012","Caldas","Riosucio","ALTO","137","58.21"
"2012","Boyacá","Otanche","MEDIO","34","28.62"
"2012","Cundinamarca","Suesca","MEDIO","25","23.83"
"2012","Boyacá","Cubará","SIN RIESGO","24","4.69"
"2012","Nariño","Puerres","ALTO","135","50.61"
"2012","Boyacá","Monguí","ALTO","22","45.40"
"2012","Bolívar","Calamar","MEDIO","26","16.98"
"2012","Boyacá","Oicatá","BAJO","39","11.54"
"2012","Atlántico","Usiacurí","SIN RIESGO","31","0.00"
"2012","Córdoba","Puerto Escondido","ALTO","5","50.00"
"2012","Cauca","San Sebastián","ALTO","18","66.38"
"2012","Córdoba","Chinú","MEDIO","25","14.67"
"2012","Boyacá","Somondoco","ALTO","21","39.72"
"2012","Huila","Campoalegre","MEDIO","41","26.84"
"2012","Santander","Valle De San José","BAJO","13","10.38"
"2012","Cesar","Valledupar","BAJO","212","7.14"
"2012","Bolívar","Córdoba","MEDIO","21","22.05"
"2012","Boyacá","Cómbita","BAJO","37","8.81"
"2012","Atlántico","Malambo","SIN RIESGO","54","4.37"
"2012","Santander","Chima","MEDIO","12","15.17"
"2012","Caquetá","Milán","MEDIO","24","14.84"
"2012","Nariño","Yacuanquer","ALTO","99","42.44"
"2012","Quindio","Circasia","SIN RIESGO","26","3.92"
"2012","Santander","Jordán","ALTO","5","54.44"
"2012","Quindio","Calarca","SIN RIESGO","47","0.37"
"2012","Bolívar","San Martín De Loba","ALTO","23","40.45"
"2012","Cauca","Rosas","BAJO","16","8.87"
"2012","Cesar","Pueblo Bello","MEDIO","21","24.35"
"2012","Sucre","Galeras","BAJO","18","9.70"
"2012","Tolima","San Antonio","ALTO","6","47.50"
"2012","Cundinamarca","Bojacá","BAJO","9","7.45"
"2012","Boyacá","Togüí","ALTO","29","52.50"
"2012","Arauca","Tame","SIN RIESGO","93","2.69"
"2012","Córdoba","Planeta Rica","SIN RIESGO","25","1.95"
"2012","Bogotá. D.C.","Bogotá. D.C.","BAJO","1560","5.77"
"2012","Cundinamarca","Mosquera","SIN RIESGO","59","1.33"
"2012","Archipiélago de San Andrés. Providencia y Santa Catalina","Providencia","ALTO","10","63.69"
"2012","Norte de Santander","El Tarra","MEDIO","14","34.34"
"2012","Putumayo","Villagarzón","ALTO","32","56.25"
"2012","Cundinamarca","Cucunubá","SIN RIESGO","15","1.33"
"2012","Santander","San José De Miranda","MEDIO","15","18.01"
"2012","Boyacá","Garagoa","MEDIO","48","16.04"
"2012","Cauca","Cajibío","BAJO","54","8.51"
"2012","Antioquia","Gómez Plata","SIN RIESGO","8","0.00"
"2012","Antioquia","Betania","SIN RIESGO","8","1.19"
"2012","Antioquia","Santa Rosa De Osos","SIN RIESGO","8","0.00"
"2012","Risaralda","Santuario","MEDIO","50","22.56"
"2012","Nariño","Cuaspud","MEDIO","28","29.28"
"2012","Caldas","La Dorada","MEDIO","84","16.76"
"2012","Boyacá","Mongua","ALTO","24","42.90"
"2012","Huila","Acevedo","ALTO","57","54.36"
"2012","Boyacá","Almeida","MEDIO","22","29.04"
"2012","Nariño","Santa Bárbara","MEDIO","7","28.21"
"2012","Cundinamarca","Villagómez","MEDIO","13","20.46"
"2012","Boyacá","Chitaraque","MEDIO","23","32.66"
"2012","Antioquia","Chigorodó","SIN RIESGO","13","0.00"
"2012","Boyacá","Sáchica","ALTO","98","47.07"
"2012","Boyacá","La Victoria","ALTO","15","36.75"
"2012","Sucre","San Onofre","SIN RIESGO","45","2.34"
"2012","Boyacá","Cuítiva","MEDIO","13","17.42"
"2012","Cundinamarca","Nocaima","MEDIO","16","15.33"
"2012","Boyacá","Villa De Leyva","MEDIO","38","27.93"
"2012","Risaralda","Pereira","BAJO","525","6.99"
"2012","Norte de Santander","Puerto Santander","MEDIO","16","14.48"
"2012","Nariño","Nariño","ALTO","30","60.80"
"2012","Cauca","Santander De Quilichao","SIN RIESGO","70","3.59"
"2012","Nariño","Túquerres","ALTO","410","49.68"
"2012","Bolívar","Cantagallo","MEDIO","31","22.70"
"2012","Valle del Cauca","Pradera","BAJO","68","7.19"
"2012","Boyacá","Maripí","MEDIO","21","17.24"
"2012","Antioquia","Angelópolis","MEDIO","13","32.67"
"2012","Meta","Barranca De Upía","MEDIO","10","35.02"
"2012","Cesar","La Paz","SIN RIESGO","109","0.14"
"2012","Cundinamarca","Girardot","SIN RIESGO","62","1.08"
"2012","Antioquia","Heliconia","BAJO","11","6.43"
"2012","Antioquia","Puerto Berrío","BAJO","13","5.43"
"2012","Santander","Villanueva","MEDIO","8","14.26"
"2012","Boyacá","Nuevo Colón","MEDIO","44","19.70"
"2012","Cundinamarca","Subachoque","SIN RIESGO","10","0.83"
"2012","Boyacá","Cucaita","MEDIO","29","24.18"
"2012","Antioquia","Carepa","SIN RIESGO","13","0.00"
"2012","Meta","Lejanías","ALTO","15","37.75"
"2012","Cundinamarca","Bituima","MEDIO","5","17.16"
"2012","Magdalena","Pedraza","INVIABLE SANITARIAMENTE","7","85.52"
"2012","Santander","Confines","SIN RIESGO","8","3.64"
"2012","Sucre","Corozal","SIN RIESGO","54","4.40"
"2012","Cauca","Corinto","SIN RIESGO","43","0.47"
"2012","Cesar","Tamalameque","ALTO","20","49.54"
"2012","Boyacá","La Uvita","ALTO","19","44.61"
"2012","Nariño","Ancuyá","ALTO","103","50.12"
"2012","Bolívar","Barranco De Loba","ALTO","16","41.75"
"2012","Antioquia","Vegachí","SIN RIESGO","8","0.44"
"2012","Valle del Cauca","Calima","ALTO","23","35.87"
"2012","Cesar","Gamarra","MEDIO","11","32.06"
"2012","Antioquia","Urrao","SIN RIESGO","8","0.88"
"2012","Boyacá","Firavitoba","ALTO","25","53.49"
"2012","Antioquia","Sopetrán","SIN RIESGO","8","0.00"
"2012","Valle del Cauca","Restrepo","MEDIO","22","29.30"
"2012","Santander","Gambita","ALTO","7","42.06"
"2012","Nariño","San Pedro De Cartago","ALTO","138","60.69"
"2012","Magdalena","Sitionuevo","INVIABLE SANITARIAMENTE","4","100.00"
"2012","Norte de Santander","Bucarasica","ALTO","10","61.35"
"2012","Vichada","Cumaribo","ALTO","48","69.03"
"2012","Tolima","Valle De San Juan","ALTO","7","55.40"
"2012","Antioquia","Santo Domingo","SIN RIESGO","8","0.22"
"2012","Boyacá","Tuta","MEDIO","20","32.27"
"2012","Nariño","Leiva","ALTO","108","51.60"
"2012","Boyacá","Sutatenza","MEDIO","16","28.69"
"2012","Sucre","Guaranda","MEDIO","32","22.55"
"2012","Cundinamarca","Guasca","SIN RIESGO","19","4.41"
"2012","Cundinamarca","Madrid","SIN RIESGO","61","0.36"
"2012","Bolívar","Clemencia","ALTO","30","49.15"
"2012","Cundinamarca","Tausa","SIN RIESGO","16","3.44"
"2012","Cundinamarca","Guatavita","MEDIO","10","14.72"
"2012","Norte de Santander","Cucutilla","ALTO","14","43.63"
"2012","Santander","La Belleza","BAJO","6","13.56"
"2012","Antioquia","Necoclí","SIN RIESGO","9","0.00"
"2012","Santander","Charalá","SIN RIESGO","8","0.68"
"2012","Nariño","Belén","ALTO","71","55.59"
"2012","Casanare","Nunchía","ALTO","21","65.75"
"2012","Valle del Cauca","Toro","ALTO","28","40.42"
"2012","Santander","Jesús María","MEDIO","6","25.80"
"2012","Santander","Charta","BAJO","8","6.82"
"2012","Boyacá","Tinjacá","MEDIO","20","25.58"
"2012","Antioquia","San Andrés De Cuerquía","BAJO","8","13.70"
"2012","Santander","Guavatá","MEDIO","11","16.09"
"2012","Antioquia","Toledo","INVIABLE SANITARIAMENTE","6","84.23"
"2012","La Guajira","La Jagua Del Pilar","ALTO","17","41.62"
"2012","Meta","Granada","ALTO","24","39.00"
"2012","Valle del Cauca","Roldanillo","BAJO","70","7.07"
"2012","Risaralda","Belén De Umbría","BAJO","48","12.73"
"2012","Caldas","Risaralda","ALTO","104","66.51"
"2012","Atlántico","Santo Tomás","SIN RIESGO","42","0.00"
"2012","Putumayo","Santiago","ALTO","12","66.90"
"2012","Meta","Puerto Gaitán","MEDIO","9","14.50"
"2012","Cundinamarca","Paime","BAJO","12","13.50"
"2012","Boyacá","Tununguá","MEDIO","11","34.41"
"2012","Cesar","Chimichagua","ALTO","8","60.31"
"2012","Huila","Gigante","MEDIO","18","29.17"
"2012","Nariño","El Peñol","ALTO","54","42.20"
"2012","Antioquia","Guadalupe","MEDIO","9","14.28"
"2012","Boyacá","Ramiriquí","MEDIO","36","22.35"
"2012","La Guajira","Albania","ALTO","13","48.78"
"2012","Cundinamarca","Vianí","MEDIO","5","21.20"
"2012","Cauca","Puerto Tejada","BAJO","33","10.39"
"2012","Norte de Santander","Chinácota","MEDIO","28","23.33"
"2012","Caldas","Aranzazu","ALTO","78","66.56"
"2012","Meta","San Martín","BAJO","31","13.25"
"2012","Nariño","Taminango","ALTO","67","35.75"
"2012","Bolívar","Cicuco","MEDIO","28","33.87"
"2012","Antioquia","Pueblorrico","SIN RIESGO","9","4.91"
"2012","Cauca","Almaguer","ALTO","37","78.11"
"2012","Antioquia","Jardín","SIN RIESGO","8","2.79"
"2012","Cundinamarca","Pandi","BAJO","9","6.62"
"2012","Caquetá","El Paujil","BAJO","20","12.90"
"2012","Sucre","Ovejas","SIN RIESGO","37","2.70"
"2012","Cundinamarca","Funza","SIN RIESGO","64","1.70"
"2012","Nariño","Buesaco","ALTO","178","51.30"
"2012","Tolima","Alpujarra","ALTO","4","56.47"
"2012","Antioquia","Caramanta","SIN RIESGO","8","0.00"
"2012","Cundinamarca","Chía","SIN RIESGO","65","0.02"
"2012","Nariño","Tangua","MEDIO","208","26.75"
"2012","Santander","Zapatoca","BAJO","9","6.06"
"2012","Antioquia","El Santuario","SIN RIESGO","12","0.00"
"2012","Magdalena","Santa Ana","ALTO","59","56.43"
"2012","Antioquia","Yarumal","MEDIO","39","14.76"
"2012","Boyacá","Arcabuco","ALTO","28","40.46"
"2012","Santander","Oiba","BAJO","10","6.67"
"2012","Valle del Cauca","La Unión","BAJO","78","12.16"
"2012","Cundinamarca","Sutatausa","BAJO","12","10.65"
"2012","Huila","Timaná","ALTO","42","43.03"
"2012","Casanare","Yopal","MEDIO","192","27.23"
"2012","Valle del Cauca","Vijes","ALTO","24","37.66"
"2012","Boyacá","Saboyá","ALTO","20","52.14"
"2012","La Guajira","Manaure","BAJO","36","13.20"
"2012","Casanare","Sácama","ALTO","23","62.87"
"2012","Santander","Socorro","BAJO","52","7.01"
"2012","Magdalena","San Zenón","ALTO","5","41.31"
"2012","Huila","Santa María","ALTO","57","58.86"
"2012","Caldas","Marmato","ALTO","47","63.66"
"2012","Caldas","La Merced","ALTO","58","58.73"
"2012","Cundinamarca","Ubalá","BAJO","10","5.97"
"2012","Cauca","Piendamó","BAJO","45","7.07"
"2012","Norte de Santander","Arboledas","MEDIO","18","32.39"
"2012","Cundinamarca","Beltrán","BAJO","9","12.04"
"2012","Nariño","Los Andes","ALTO","146","46.85"
"2012","Boyacá","Ciénega","ALTO","28","46.52"
"2012","Caldas","San José","ALTO","90","59.07"
"2012","Antioquia","Copacabana","SIN RIESGO","12","0.00"
"2012","Antioquia","Segovia","BAJO","8","5.82"
"2012","Huila","Iquira","ALTO","51","52.91"
"2012","Santander","California","SIN RIESGO","16","3.48"
"2012","Meta","El Calvario","ALTO","8","44.67"
"2012","Sucre","Majagual","MEDIO","31","25.16"
"2012","Bolívar","Zambrano","BAJO","26","7.15"
"2012","Atlántico","Barranquilla","SIN RIESGO","383","0.00"
"2012","Tolima","Casabianca","ALTO","5","43.00"
"2012","Nariño","Olaya Herrera","ALTO","40","78.43"
"2012","Antioquia","San Juan De Urabá","INVIABLE SANITARIAMENTE","8","80.63"
"2012","Nariño","San Lorenzo","ALTO","289","65.49"
"2012","Santander","La Paz","BAJO","11","13.09"
"2012","Meta","Acacías","MEDIO","56","17.12"
"2012","Santander","Palmas Del Socorro","BAJO","10","9.51"
"2012","Bolívar","San Juan Nepomuceno","ALTO","28","52.56"
"2012","Cesar","Pelaya","SIN RIESGO","4","4.35"
"2012","Sucre","San Benito Abad","MEDIO","54","25.54"
"2012","Santander","Cepitá","SIN RIESGO","22","2.99"
"2012","Bolívar","Cartagena","SIN RIESGO","378","0.00"
"2012","Cundinamarca","Viotá","BAJO","10","6.15"
"2012","Bolívar","Margarita","ALTO","29","66.83"
"2012","Santander","Chipatá","MEDIO","9","16.03"
"2012","Cundinamarca","Soacha","SIN RIESGO","89","2.25"
"2012","Huila","Hobo","ALTO","39","43.01"
"2012","Valle del Cauca","Obando","MEDIO","45","29.82"
"2012","Cundinamarca","Villa De San Diego De Ubate","SIN RIESGO","59","0.00"
"2012","Nariño","La Tola","ALTO","11","41.99"
"2012","Caldas","Neira","ALTO","119","65.90"
"2012","Antioquia","Abejorral","SIN RIESGO","16","1.15"
"2012","Santander","Aratoca","MEDIO","10","18.79"
"2012","Valle del Cauca","Trujillo","MEDIO","19","25.80"
"2012","La Guajira","Riohacha","ALTO","84","35.96"
"2012","Antioquia","Granada","BAJO","7","9.24"
"2012","Quindio","Génova","SIN RIESGO","24","1.64"
"2012","Casanare","Monterrey","ALTO","93","66.68"
"2012","Cundinamarca","Gama","SIN RIESGO","10","3.66"
"2012","Nariño","Albán","MEDIO","84","24.39"
"2012","Meta","San Carlos De Guaroa","MEDIO","14","18.16"
"2012","Antioquia","Marinilla","SIN RIESGO","20","0.88"
"2012","Cesar","San Martín","MEDIO","15","21.60"
"2012","Boyacá","Santa Rosa De Viterbo","ALTO","28","45.39"
"2012","Antioquia","Caracolí","SIN RIESGO","8","0.00"
"2012","Santander","Tona","MEDIO","13","18.25"
"2012","Putumayo","San Francisco","INVIABLE SANITARIAMENTE","12","82.26"
"2012","Valle del Cauca","Cartago","BAJO","67","8.03"
"2012","Meta","Guamal","MEDIO","11","27.83"
"2012","Santander","Carcasí","BAJO","7","12.00"
"2012","Antioquia","Frontino","SIN RIESGO","17","2.28"
"2012","Sucre","El Roble","MEDIO","19","17.43"
"2012","Nariño","Funes","ALTO","78","49.64"
"2012","Boyacá","Santana","ALTO","33","50.69"
"2012","Cundinamarca","Fúquene","BAJO","11","7.72"
"2012","Atlántico","Suan","MEDIO","39","16.90"
"2012","Tolima","Chaparral","BAJO","25","9.91"
"2012","Santander","Vélez","MEDIO","14","20.11"
"2012","Antioquia","San Pedro De Uraba","SIN RIESGO","9","0.00"
"2012","Nariño","Potosí","ALTO","107","48.89"
"2012","Boyacá","Betéitiva","ALTO","25","51.61"
"2012","Nariño","El Tablón De Gómez","ALTO","270","48.89"
"2012","Bolívar","Talaigua Nuevo","MEDIO","29","21.81"
"2012","Santander","Cabrera","MEDIO","11","15.41"
"2012","Cundinamarca","San Antonio Del Tequendama","BAJO","19","6.72"
"2012","Cundinamarca","Tibirita","BAJO","8","12.89"
"2012","Cundinamarca","Guayabetal","BAJO","10","6.78"
"2012","Risaralda","Balboa","MEDIO","39","32.70"
"2012","Caldas","Pácora","ALTO","84","39.33"
"2012","Cauca","Piamonte","ALTO","9","79.07"
"2012","Boyacá","Chinavita","ALTO","32","49.75"
"2012","Nariño","Arboleda","ALTO","115","64.10"
"2012","Arauca","Fortul","SIN RIESGO","70","1.66"
"2012","Caquetá","Belén De Los Andaquíes","BAJO","6","13.90"
"2012","Antioquia","Briceño","SIN RIESGO","8","0.00"
"2012","Boyacá","Rondón","MEDIO","19","29.95"
"2012","Antioquia","Tarso","SIN RIESGO","8","2.30"
"2012","Valle del Cauca","Alcalá","MEDIO","41","29.57"
"2012","Meta","Mapiripán","BAJO","7","5.49"
"2012","Bolívar","María La Baja","ALTO","26","46.70"
"2012","Antioquia","El Bagre","BAJO","17","6.89"
"2012","Boyacá","Soracá","MEDIO","29","32.72"
"2012","Córdoba","Montería","SIN RIESGO","213","0.17"
"2012","Cundinamarca","Chocontá","SIN RIESGO","10","3.52"
"2012","Casanare","Maní","MEDIO","17","29.82"
"2012","Valle del Cauca","La Cumbre","BAJO","43","8.45"
"2012","Caldas","Supía","ALTO","131","68.25"
"2012","Nariño","San Bernardo","ALTO","164","59.89"
"2012","Cundinamarca","La Vega","SIN RIESGO","10","1.68"
"2012","Magdalena","Santa Marta","BAJO","149","6.19"
"2012","Quindio","Armenia","SIN RIESGO","112","0.28"
"2012","Cundinamarca","Zipaquirá","SIN RIESGO","89","1.61"
"2012","Bolívar","San Jacinto Del Cauca","INVIABLE SANITARIAMENTE","32","80.62"
"2012","Arauca","Puerto Rondón","BAJO","88","7.13"
"2012","Antioquia","Arboletes","SIN RIESGO","9","3.22"
"2012","Risaralda","Mistrató","MEDIO","54","25.38"
"2012","Santander","Guadalupe","MEDIO","9","23.12"
"2012","Antioquia","La Estrella","SIN RIESGO","4","0.00"
"2012","Córdoba","Puerto Libertador","MEDIO","10","25.61"
"2012","Valle del Cauca","Riofrío","ALTO","32","37.92"
"2012","Magdalena","Aracataca","INVIABLE SANITARIAMENTE","47","87.41"
"2012","Antioquia","Caldas","SIN RIESGO","80","0.94"
"2012","Putumayo","Puerto Asís","ALTO","16","41.15"
"2012","Cundinamarca","Útica","SIN RIESGO","9","1.86"
"2012","Norte de Santander","Herrán","SIN RIESGO","5","1.75"
"2012","Norte de Santander","Cachirá","ALTO","16","68.58"
"2012","Cundinamarca","San Cayetano","BAJO","10","10.00"
"2012","Cesar","Bosconia","ALTO","36","52.74"
"2012","Tolima","Suárez","ALTO","8","40.42"
"2012","Caquetá","San Vicente Del Caguán","BAJO","33","10.95"
"2012","Magdalena","San Sebastián De Buenavista","MEDIO","19","18.48"
"2012","Cundinamarca","Nilo","BAJO","19","13.24"
"2012","Meta","Fuente De Oro","BAJO","11","8.93"
"2012","Antioquia","San Rafael","SIN RIESGO","8","2.21"
"2012","Santander","Santa Bárbara","BAJO","12","14.05"
"2012","Boyacá","Macanal","ALTO","18","37.45"
"2012","Quindio","La Tebaida","SIN RIESGO","32","3.83"
"2012","Córdoba","Purísima","MEDIO","5","14.88"
"2012","Córdoba","Tierralta","BAJO","25","8.34"
"2012","Caldas","Marquetalia","ALTO","71","67.15"
"2012","Cundinamarca","Zipacón","MEDIO","14","20.22"
"2012","Boyacá","San Miguel De Sema","BAJO","16","13.00"
"2012","Boyacá","Paz De Río","MEDIO","21","22.46"
"2012","Boyacá","Boyacá","ALTO","31","37.14"
"2012","Norte de Santander","Villa Del Rosario","MEDIO","153","15.24"
"2012","Antioquia","Olaya","SIN RIESGO","16","0.07"
"2012","Boyacá","Turmequé","ALTO","56","54.78"
"2012","Cesar","El Copey","SIN RIESGO","36","0.49"
"2012","Putumayo","Puerto Caicedo","ALTO","19","53.77"
"2012","Antioquia","Anza","SIN RIESGO","8","0.88"
"2012","Cundinamarca","San Bernardo","SIN RIESGO","10","1.68"
"2012","Nariño","La Florida","MEDIO","149","28.00"
"2012","Cundinamarca","Fomeque","MEDIO","23","19.20"
"2012","Santander","Contratación","BAJO","11","7.43"
"2012","Antioquia","Medellín","SIN RIESGO","209","0.39"
"2012","Casanare","Hato Corozal","ALTO","51","53.39"
"2012","Valle del Cauca","Candelaria","MEDIO","333","17.74"
"2012","Meta","Cubarral","ALTO","11","73.86"
"2012","Antioquia","Belmira","BAJO","8","10.67"
"2012","Quindio","Salento","BAJO","18","8.56"
"2012","Boyacá","Nobsa","MEDIO","35","20.20"
"2012","Tolima","Herveo","MEDIO","7","21.61"
"2012","Antioquia","Peñol","SIN RIESGO","8","0.00"
"2012","Córdoba","San Andrés Sotavento","ALTO","5","75.37"
"2012","Boyacá","Pesca","ALTO","35","53.44"
"2012","Cauca","Balboa","BAJO","19","5.26"
"2012","Cundinamarca","Quipile","BAJO","11","11.08"
"2012","Bolívar","Arjona","SIN RIESGO","28","2.68"
"2012","Cauca","Silvia","SIN RIESGO","49","1.84"
"2012","Santander","Guapotá","BAJO","8","5.17"
"2012","Boyacá","Labranzagrande","ALTO","22","64.98"
"2012","Cauca","Popayán","MEDIO","229","15.68"
"2012","Tolima","Alvarado","MEDIO","7","25.08"
"2012","Cauca","Villa Rica","SIN RIESGO","9","2.56"
"2012","Norte de Santander","Abrego","MEDIO","34","33.92"
"2012","Santander","Puerto Parra","MEDIO","7","16.82"
"2012","Atlántico","Manatí","BAJO","32","6.99"
"2012","Cesar","San Alberto","ALTO","19","38.08"
"2012","Antioquia","Concordia","BAJO","8","9.28"
"2012","Magdalena","Sabanas De San Angel","MEDIO","15","34.94"
"2012","Antioquia","Salgar","BAJO","16","8.10"
"2012","Antioquia","Cocorná","SIN RIESGO","8","2.33"
"2012","Nariño","Gualmatán","ALTO","66","48.09"
"2012","Magdalena","Pijiño Del Carmen","ALTO","13","57.74"
"2012","Cundinamarca","Gachala","BAJO","10","7.99"
"2012","Cundinamarca","Fusagasugá","SIN RIESGO","149","2.42"
"2012","Bolívar","Arenal","ALTO","31","58.96"
"2012","Antioquia","Puerto Triunfo","BAJO","11","7.42"
"2012","Magdalena","Ciénaga","BAJO","69","6.74"
"2012","Boyacá","Socha","ALTO","23","36.49"
"2012","Tolima","Santa Isabel","ALTO","1","77.78"
"2012","Huila","Tello","ALTO","48","52.53"
"2012","Sucre","San Luis De Sincé","MEDIO","11","20.90"
"2012","Nariño","El Tambo","MEDIO","212","18.78"
"2012","Boyacá","Boavita","MEDIO","34","26.69"
"2012","Cauca","Caldono","SIN RIESGO","44","4.09"
"2012","Santander","Cimitarra","BAJO","13","6.83"
"2012","Norte de Santander","Pamplona","BAJO","57","5.95"
"2012","Boyacá","Briceño","MEDIO","19","33.42"
"2012","Norte de Santander","Durania","MEDIO","14","18.71"
"2012","Santander","Rionegro","MEDIO","20","17.74"
"2012","Cundinamarca","Fosca","BAJO","10","5.97"
"2012","Tolima","Cunday","MEDIO","17","19.92"
"2012","Antioquia","San Carlos","BAJO","9","5.50"
"2012","Antioquia","Hispania","SIN RIESGO","8","0.26"
"2012","Boyacá","Toca","ALTO","35","39.84"
"2012","Cauca","Guapi","ALTO","22","41.34"
"2012","Valle del Cauca","El Águila","ALTO","70","48.17"
"2012","Quindio","Córdoba","SIN RIESGO","27","1.06"
"2012","Cesar","Astrea","ALTO","12","44.17"
"2012","Santander","Molagavita","MEDIO","10","20.51"
"2012","La Guajira","San Juan Del Cesar","BAJO","36","14.09"
"2012","Tolima","Icononzo","ALTO","13","48.31"
"2012","Santander","San Vicente De Chucurí","MEDIO","20","14.11"
"2012","Córdoba","San Carlos","SIN RIESGO","5","0.00"
"2012","Meta","San Juan De Arama","MEDIO","9","19.06"
"2012","La Guajira","El Molino","SIN RIESGO","16","3.68"
"2012","Meta","La Macarena","ALTO","9","40.47"
"2012","Magdalena","Chibolo","ALTO","15","62.86"
"2012","Bolívar","Villanueva","ALTO","13","50.00"
"2012","Norte de Santander","Pamplonita","ALTO","12","40.43"
"2012","Antioquia","Guarne","SIN RIESGO","8","0.00"
"2012","Cundinamarca","Silvania","SIN RIESGO","25","4.23"
"2012","Cundinamarca","Guaduas","SIN RIESGO","19","3.53"
"2012","Cundinamarca","Tabio","MEDIO","11","21.32"
"2012","Caldas","Filadelfia","ALTO","90","60.67"
"2012","Casanare","Paz De Ariporo","ALTO","95","47.72"
"2012","Tolima","Ibagué","ALTO","372","44.27"
"2012","Nariño","Roberto Payán","ALTO","6","63.77"
"2012","Boyacá","Umbita","ALTO","23","41.45"
"2012","Quindio","Montenegro","BAJO","26","5.12"
"2012","Magdalena","El Banco","MEDIO","53","20.86"
"2012","Tolima","Villahermosa","MEDIO","28","24.17"
"2012","Antioquia","Apartadó","SIN RIESGO","38","0.00"
"2012","Sucre","Coloso","MEDIO","30","17.08"
"2012","Boyacá","Coper","MEDIO","25","29.66"
"2012","Cauca","El Tambo","SIN RIESGO","28","0.09"
"2012","Cesar","Becerril","MEDIO","12","17.75"
"2012","Cundinamarca","Macheta","MEDIO","10","16.96"
"2012","Huila","Colombia","ALTO","28","52.81"
"2012","Santander","San Miguel","BAJO","8","6.82"
"2012","Boyacá","Chivatá","MEDIO","21","29.66"
"2012","Sucre","Chalán","MEDIO","19","25.00"
"2012","Norte de Santander","Los Patios","BAJO","95","11.10"
"2012","Norte de Santander","San Calixto","ALTO","10","40.89"
"2012","Boyacá","Ráquira","ALTO","32","48.50"
"2012","Nariño","Mosquera","MEDIO","12","28.17"
"2012","Cundinamarca","Supatá","BAJO","13","12.56"
"2012","Boyacá","Pachavita","ALTO","18","37.17"
"2012","Risaralda","Pueblo Rico","MEDIO","39","25.05"
"2012","Huila","Tesalia","ALTO","60","51.89"
"2012","Antioquia","Zaragoza","MEDIO","8","31.46"
"2012","Cundinamarca","Carmen De Carupa","BAJO","10","6.66"
"2012","Norte de Santander","Mutiscua","ALTO","12","36.20"
"2012","Casanare","La Salina","ALTO","13","38.89"
"2012","Meta","Restrepo","BAJO","11","8.80"
"2012","Santander","Barbosa","MEDIO","15","14.47"
"2012","Meta","Puerto Concordia","MEDIO","11","15.92"
"2012","Caquetá","San José Del Fragua","MEDIO","5","16.26"
"2012","Cundinamarca","Gachancipá","SIN RIESGO","17","1.43"
"2012","Tolima","Ortega","BAJO","19","9.51"
"2012","Caldas","Victoria","ALTO","63","63.64"
"2012","Santander","Sucre","ALTO","10","35.31"
"2012","Tolima","Guamo","MEDIO","9","15.37"
"2012","Boyacá","Buenavista","MEDIO","21","32.05"
"2012","Huila","Baraya","ALTO","48","55.59"
"2012","Cundinamarca","Ubaque","MEDIO","19","33.37"
"2012","Bolívar","Santa Rosa","MEDIO","31","18.95"
"2012","Córdoba","Los Córdobas","ALTO","5","46.34"
"2012","Córdoba","Cereté","SIN RIESGO","25","0.00"
"2012","Putumayo","Puerto Guzmán","ALTO","14","76.40"
"2012","Tolima","Piedras","MEDIO","15","26.93"
"2012","Meta","San Juanito","ALTO","8","43.71"
"2012","Cauca","La Sierra","ALTO","27","74.69"
"2012","Tolima","Coello","ALTO","6","36.67"
"2012","Atlántico","Puerto Colombia","SIN RIESGO","39","0.50"
"2012","Santander","Los Santos","MEDIO","11","22.61"
"2012","Nariño","San Pablo","ALTO","262","59.53"
"2012","Antioquia","Peque","MEDIO","8","24.98"
"2012","Nariño","Magüi","ALTO","7","52.64"
"2012","Cundinamarca","Pacho","SIN RIESGO","34","1.77"
"2012","Meta","El Castillo","ALTO","14","79.09"
"2012","Meta","Castilla La Nueva","MEDIO","14","24.37"
"2012","Tolima","Saldaña","ALTO","10","38.61"
"2012","Boyacá","Tibasosa","MEDIO","34","21.03"
"2012","Antioquia","Cáceres","MEDIO","14","17.87"
"2012","Valle del Cauca","Palmira","MEDIO","211","17.38"
"2012","Boyacá","Guacamayas","ALTO","25","39.87"
"2012","Norte de Santander","Cúcuta","BAJO","144","11.59"
"2012","Cundinamarca","Nemocón","SIN RIESGO","12","3.33"
"2012","Cundinamarca","Apulo","SIN RIESGO","12","4.99"
"2012","Boyacá","Sotaquirá","ALTO","73","46.37"
"2012","Huila","Teruel","ALTO","56","57.25"
"2012","Nariño","Contadero","ALTO","117","40.93"
"2012","Córdoba","La Apartada","MEDIO","5","26.83"
"2012","Nariño","Imués","ALTO","106","45.30"
"2012","Sucre","Palmito","SIN RIESGO","22","4.78"
"2012","Cauca","Guachené","MEDIO","17","14.25"
"2012","Valle del Cauca","La Victoria","BAJO","28","11.47"
"2012","Antioquia","Buriticá","SIN RIESGO","9","0.00"
"2012","Boyacá","Miraflores","BAJO","46","8.34"
"2012","Santander","Puerto Wilches","ALTO","14","37.07"
"2012","Risaralda","Guática","MEDIO","68","20.67"
"2012","Boyacá","Iza","SIN RIESGO","18","1.06"
"2012","Nariño","La Unión","ALTO","225","61.48"
"2012","Amazonas","Leticia","MEDIO","88","29.49"
"2012","Santander","El Playón","ALTO","6","46.36"
"2012","Antioquia","Támesis","SIN RIESGO","8","3.53"
"2012","Nariño","El Charco","ALTO","13","37.81"
"2012","Santander","Betulia","MEDIO","14","19.77"
"2012","Norte de Santander","Ragonvalia","BAJO","12","13.89"
"2012","Norte de Santander","Convención","ALTO","29","43.68"
"2012","Valle del Cauca","Argelia","ALTO","32","43.90"
"2012","Magdalena","Salamina","BAJO","13","8.19"
"2012","Santander","Bucaramanga","BAJO","11","6.06"
"2012","Huila","Isnos","ALTO","56","56.85"
"2012","Tolima","Carmen De Apicalá","MEDIO","5","20.78"
"2012","Cauca","Paez","MEDIO","50","17.08"
"2012","Cundinamarca","Villeta","SIN RIESGO","51","1.89"
"2012","Huila","Oporapa","ALTO","60","60.97"
"2012","Sucre","Buenavista","ALTO","18","56.14"
"2012","Magdalena","Cerro San Antonio","ALTO","12","77.70"
"2012","Cundinamarca","Cajicá","SIN RIESGO","56","0.78"
"2012","Córdoba","Ayapel","MEDIO","5","14.88"
"2012","Santander","Palmar","ALTO","6","49.61"
"2012","Putumayo","San Miguel","ALTO","17","68.48"
"2012","Cauca","Patía","SIN RIESGO","48","4.77"
"2012","Cundinamarca","Tibacuy","SIN RIESGO","10","4.39"
"2012","Cundinamarca","Sesquilé","SIN RIESGO","10","4.92"
"2012","Antioquia","Fredonia","SIN RIESGO","8","0.00"
"2012","Magdalena","Concordia","INVIABLE SANITARIAMENTE","9","90.07"
"2012","Cauca","Buenos Aires","BAJO","42","7.49"
"2012","Antioquia","Amagá","SIN RIESGO","9","4.31"
"2012","Cundinamarca","Guataquí","SIN RIESGO","11","4.55"
"2012","Arauca","Cravo Norte","SIN RIESGO","84","1.72"
"2012","Santander","Concepción","BAJO","10","13.61"
"2012","Casanare","Pore","ALTO","42","52.78"
"2012","Magdalena","Plato","ALTO","36","53.22"
"2012","Bolívar","San Pablo","BAJO","30","8.02"
"2012","Meta","Cabuyaro","MEDIO","6","31.90"
"2012","Boyacá","Duitama","MEDIO","209","31.58"
"2012","Córdoba","Canalete","ALTO","5","60.98"
"2012","Antioquia","Guatape","SIN RIESGO","8","0.00"
"2012","Huila","Garzón","ALTO","119","39.11"
"2012","Casanare","Tauramena","MEDIO","59","21.97"
"2012","Antioquia","La Unión","BAJO","8","8.16"
"2012","Caquetá","Cartagena Del Chairá","BAJO","26","7.85"
"2012","Sucre","Coveñas","ALTO","19","42.43"
"2012","Magdalena","Remolino","SIN RIESGO","8","0.45"
"2012","Boyacá","Chivor","ALTO","23","36.97"
"2012","Valle del Cauca","Buenaventura","BAJO","296","11.38"
"2012","Boyacá","La Capilla","ALTO","47","39.24"
"2012","Cauca","Padilla","MEDIO","19","30.52"
"2012","Huila","Paicol","ALTO","49","50.27"
"2012","Nariño","Mallama","ALTO","97","56.71"
"2012","La Guajira","Villanueva","BAJO","30","8.91"
"2012","Cundinamarca","Guachetá","BAJO","10","12.84"
"2012","Santander","Barichara","SIN RIESGO","9","4.52"
"2012","Caldas","Marulanda","ALTO","19","53.53"
"2012","Tolima","Roncesvalles","ALTO","1","62.78"
"2012","Norte de Santander","Silos","ALTO","20","44.48"
"2012","Nariño","La Llanada","ALTO","68","43.62"
"2012","Nariño","Cumbal","MEDIO","174","31.33"
"2012","Norte de Santander","Lourdes","SIN RIESGO","11","3.58"
"2012","Sucre","Sampués","BAJO","39","11.50"
"2012","Huila","Suaza","ALTO","20","42.68"
"2012","Antioquia","Yalí","SIN RIESGO","9","0.00"
"2012","Cundinamarca","Topaipí","BAJO","12","6.27"
"2012","Nariño","Guachucal","MEDIO","173","28.40"
"2012","La Guajira","Maicao","MEDIO","125","15.19"
"2012","Cundinamarca","Susa","SIN RIESGO","10","0.83"
"2012","Casanare","Sabanalarga","ALTO","32","48.68"
"2012","Huila","Palestina","ALTO","25","50.91"
"2012","Cundinamarca","Lenguazaque","MEDIO","9","17.13"
"2012","Bolívar","Turbaná","BAJO","29","12.01"
"2012","Cundinamarca","Une","SIN RIESGO","10","1.68"
"2012","Casanare","Trinidad","ALTO","27","39.73"
"2012","Atlántico","Ponedera","SIN RIESGO","30","0.00"
"2012","Cundinamarca","Tocancipá","SIN RIESGO","49","2.05"
"2012","Vichada","Puerto Carreño","SIN RIESGO","59","1.69"
"2012","Bolívar","Norosí","INVIABLE SANITARIAMENTE","30","84.73"
"2012","Antioquia","Nariño","MEDIO","13","31.81"
"2012","Bolívar","Santa Catalina","ALTO","16","67.70"
"2012","Caldas","Anserma","ALTO","171","50.49"
"2012","Cundinamarca","Quebradanegra","BAJO","12","10.79"
"2012","Norte de Santander","Hacarí","ALTO","24","60.24"
"2012","Sucre","Caimito","BAJO","12","6.25"
"2012","Huila","La Argentina","ALTO","62","52.32"
"2012","Arauca","Saravena","SIN RIESGO","87","0.31"
"2012","Cesar","La Gloria","ALTO","79","52.12"
"2012","Santander","Matanza","MEDIO","11","15.84"
"2012","Norte de Santander","Labateca","ALTO","7","69.51"
"2012","Cauca","Toribio","SIN RIESGO","45","2.72"
"2012","Santander","Ocamonte","MEDIO","12","20.40"
"2012","Nariño","Chachagüí","ALTO","137","41.51"
"2012","Nariño","Barbacoas","ALTO","67","55.09"
"2012","Huila","La Plata","ALTO","58","42.38"
"2012","Boyacá","Cerinza","BAJO","28","7.04"
"2012","Antioquia","Carolina","SIN RIESGO","8","0.00"
"2012","Atlántico","Santa Lucía","MEDIO","20","29.26"
"2012","Santander","Onzaga","BAJO","10","12.27"
"2012","Boyacá","San Mateo","ALTO","26","35.39"
"2012","Caldas","Aguadas","ALTO","162","68.29"
"2012","Boyacá","Güicán","MEDIO","25","30.40"
"2012","Bolívar","Pinillos","ALTO","30","37.33"
"2012","Tolima","Rovira","ALTO","16","68.16"
"2012","Santander","Encino","MEDIO","4","15.08"
"2012","Antioquia","San Francisco","BAJO","8","11.74"
"2012","Valle del Cauca","Bugalagrande","BAJO","28","11.24"
"2012","Boyacá","Berbeo","MEDIO","21","29.23"
"2012","Magdalena","Zapayán","ALTO","9","70.31"
"2012","Tolima","Natagaima","MEDIO","6","25.37"
"2012","Boyacá","Sativanorte","MEDIO","17","31.18"
"2012","Tolima","Ataco","ALTO","2","52.78"
"2012","Boyacá","Gachantivá","ALTO","25","41.63"
"2012","Cauca","Morales","BAJO","47","8.84"
"2012","Antioquia","Tarazá","BAJO","12","11.26"
"2012","Antioquia","San Pedro De Los Milagros","SIN RIESGO","8","2.30"
"2012","Cundinamarca","Jerusalén","BAJO","11","7.77"
"2012","Valle del Cauca","Cali","SIN RIESGO","642","0.28"
"2012","Boyacá","Chiquinquirá","BAJO","100","12.67"
"2012","Caquetá","Solano","MEDIO","32","26.27"
"2012","Nariño","Samaniego","ALTO","497","63.67"
"2012","Meta","Vista Hermosa","MEDIO","11","24.79"
"2012","Caquetá","La Montañita","MEDIO","21","17.80"
"2012","Antioquia","Caicedo","SIN RIESGO","7","0.50"
"2012","Santander","Vetas","BAJO","9","12.12"
"2012","Cundinamarca","Manta","MEDIO","9","17.37"
"2012","Cesar","San Diego","MEDIO","11","14.12"
"2012","Boyacá","Sativasur","MEDIO","12","33.41"
"2012","Caquetá","Solita","MEDIO","11","28.08"
"2012","Nariño","San Andres De Tumaco","ALTO","73","63.13"
"2012","Meta","Puerto Rico","SIN RIESGO","8","0.00"
"2012","Valle del Cauca","Tuluá","BAJO","279","13.06"
"2012","Boyacá","Pisba","ALTO","21","52.08"
"2012","Putumayo","Valle Del Guamuez","ALTO","18","69.06"
"2012","Cesar","La Jagua De Ibirico","ALTO","15","68.75"
"2012","Tolima","Lérida","BAJO","47","6.22"
"2012","Nariño","Colón","ALTO","160","59.26"
"2012","Cundinamarca","Ricaurte","SIN RIESGO","13","3.44"
"2012","Antioquia","Mutatá","SIN RIESGO","18","0.99"
"2012","Boyacá","Socotá","MEDIO","22","34.47"
"2012","Cundinamarca","Sasaima","SIN RIESGO","18","4.28"
"2012","Antioquia","Argelia","ALTO","12","70.16"
"2012","Boyacá","Panqueba","ALTO","26","36.98"
"2012","Cundinamarca","Cota","SIN RIESGO","41","3.07"
"2012","Sucre","Los Palmitos","ALTO","16","54.58"
"2012","Valle del Cauca","El Dovio","ALTO","51","55.28"
"2012","Huila","Nátaga","ALTO","29","50.55"
"2012","Antioquia","San Roque","SIN RIESGO","8","2.74"
"2012","Antioquia","San Luis","BAJO","19","5.83"
"2012","La Guajira","Urumita","MEDIO","17","24.58"
"2012","Córdoba","San Pelayo","ALTO","8","42.38"
"2012","Magdalena","Santa Bárbara De Pinto","ALTO","44","64.23"
"2012","Córdoba","San José de Uré","ALTO","3","75.61"
"2012","Antioquia","Dabeiba","MEDIO","16","20.60"
"2012","Bolívar","El Guamo","ALTO","27","51.41"
"2012","Norte de Santander","San Cayetano","ALTO","14","39.79"
"2012","La Guajira","Distracción","BAJO","35","13.09"
"2012","Norte de Santander","El Carmen","MEDIO","20","25.96"
"2012","Bolívar","Turbaco","BAJO","26","5.85"
"2012","Cundinamarca","Nariño","MEDIO","9","15.97"
"2012","Cesar","Río De Oro","BAJO","23","6.94"
"2012","Córdoba","Chimá","BAJO","4","10.98"
"2012","Antioquia","Venecia","SIN RIESGO","8","0.00"
"2012","Boyacá","Chita","ALTO","18","39.99"
"2012","Antioquia","Armenia","BAJO","8","6.45"
"2012","Casanare","Chameza","MEDIO","10","29.63"
"2012","Boyacá","Siachoque","MEDIO","32","26.58"
"2012","Córdoba","Pueblo Nuevo","ALTO","5","51.95"
"2012","Boyacá","Moniquirá","MEDIO","44","34.11"
"2012","Huila","San Agustín","ALTO","52","44.66"
"2012","Santander","Macaravita","BAJO","10","10.58"
"2012","La Guajira","Hato Nuevo","BAJO","30","13.85"
"2012","Atlántico","Luruaco","MEDIO","36","24.06"
"2012","Tolima","Líbano","MEDIO","14","23.81"
"2012","Caldas","Salamina","ALTO","115","59.33"
"2012","Boyacá","Campohermoso","BAJO","15","12.69"
"2012","Bolívar","Tiquisio","ALTO","28","63.39"
"2012","Bolívar","Montecristo","INVIABLE SANITARIAMENTE","25","85.72"
"2012","Boyacá","Soatá","MEDIO","51","26.18"
"2012","Boyacá","Belén","MEDIO","34","28.52"
"2012","Córdoba","Tuchin","ALTO","4","63.11"
"2012","Boyacá","Caldas","ALTO","23","44.37"
"2012","Antioquia","Giraldo","SIN RIESGO","8","2.30"
"2012","Cundinamarca","Villapinzón","SIN RIESGO","10","2.01"
"2012","Boyacá","Aquitania","MEDIO","33","26.73"
"2012","Santander","Güepsa","BAJO","9","6.52"
"2012","Córdoba","San Bernardo Del Viento","ALTO","5","74.15"
"2012","Cundinamarca","Cogua","MEDIO","22","19.78"
"2012","Nariño","Córdoba","ALTO","77","48.37"
"2012","Tolima","Armero","BAJO","29","13.28"
"2012","Caldas","Pensilvania","ALTO","100","61.29"
"2012","La Guajira","Uribia","BAJO","44","8.50"
"2012","Huila","Aipe","ALTO","43","40.44"
"2012","Antioquia","El Carmen De Viboral","SIN RIESGO","12","0.00"
"2012","Boyacá","Tipacoque","MEDIO","16","20.68"
"2012","Boyacá","Ventaquemada","MEDIO","33","21.56"
"2012","Huila","Tarqui","ALTO","53","51.84"
"2012","Antioquia","Cañasgordas","SIN RIESGO","8","0.00"
"2012","Nariño","Pasto","MEDIO","1196","23.16"
"2012","Santander","Capitanejo","MEDIO","6","18.31"
"2012","Magdalena","Pivijay","ALTO","52","44.22"
"2012","Casanare","San Luis De Palenque","MEDIO","14","15.11"
"2012","Boyacá","Jericó","MEDIO","17","21.13"
"2012","Córdoba","San Antero","BAJO","10","13.90"
"2012","Cundinamarca","Sopó","SIN RIESGO","29","2.63"
"2012","Bolívar","Arroyohondo","MEDIO","31","19.60"
"2012","Boyacá","San Eduardo","ALTO","24","53.11"
"2012","Huila","Yaguará","ALTO","40","46.93"
"2012","Meta","El Dorado","ALTO","10","46.43"
"2012","Bolívar","Hatillo De Loba","MEDIO","27","27.98"
"2012","Cauca","Jambaló","BAJO","39","10.25"
"2012","Cundinamarca","Venecia","MEDIO","10","27.20"
"2012","Antioquia","Puerto Nare","MEDIO","19","19.20"
"2012","Nariño","Ipiales","ALTO","262","37.48"
"2012","Antioquia","Sabaneta","SIN RIESGO","20","2.90"
"2012","Antioquia","Valparaíso","SIN RIESGO","8","0.00"
"2012","Boyacá","Sora","BAJO","21","13.47"
"2012","Nariño","Consaca","ALTO","113","53.25"
"2012","Antioquia","La Ceja","SIN RIESGO","31","1.45"
"2012","Norte de Santander","Chitagá","MEDIO","21","32.55"
"2012","Tolima","Espinal","BAJO","26","5.68"
"2012","Cundinamarca","El Rosal","SIN RIESGO","22","1.53"
"2012","Bolívar","El Peñón","MEDIO","26","19.34"
"2012","Santander","Hato","MEDIO","6","31.11"
"2012","Putumayo","Sibundoy","ALTO","28","66.31"
"2012","Antioquia","Santa Bárbara","SIN RIESGO","8","0.00"
"2012","Putumayo","Mocoa","ALTO","116","67.22"
"2012","Cauca","Puracé","ALTO","31","44.83"
"2012","Boyacá","Pauna","MEDIO","29","25.11"
"2012","Córdoba","Ciénaga De Oro","SIN RIESGO","25","1.50"
"2012","Norte de Santander","La Esperanza","ALTO","14","49.97"
"2012","Tolima","Villarrica","INVIABLE SANITARIAMENTE","14","82.06"
"2012","Nariño","Francisco Pizarro","INVIABLE SANITARIAMENTE","12","83.09"
"2012","Boyacá","Tota","ALTO","27","53.73"
"2012","Nariño","Aldana","MEDIO","48","21.35"
"2012","Cauca","Totoró","MEDIO","27","16.01"
"2012","Valle del Cauca","Ulloa","MEDIO","34","24.81"
"2012","Magdalena","Zona Bananera","ALTO","51","55.18"
"2012","Magdalena","El Retén","ALTO","6","43.72"
"2012","Meta","Cumaral","MEDIO","12","22.91"
"2012","Cundinamarca","Choachí","BAJO","12","10.39"
"2012","Bolívar","San Cristóbal","MEDIO","30","16.85"
"2012","Caquetá","Valparaíso","MEDIO","17","15.64"
"2012","Antioquia","Angostura","SIN RIESGO","8","2.30"
"2012","Antioquia","Turbo","SIN RIESGO","13","0.69"
"2012","Atlántico","Piojó","SIN RIESGO","29","0.00"
"2012","Boyacá","Tutazá","MEDIO","16","20.98"
"2012","Antioquia","Retiro","SIN RIESGO","16","0.00"
"2012","Cundinamarca","Sibaté","MEDIO","68","18.27"
"2012","Santander","Simacota","BAJO","15","9.01"
"2012","Boyacá","Muzo","ALTO","28","38.22"
"2012","Tolima","Falan","MEDIO","14","30.26"
"2012","Cauca","Argelia","BAJO","39","5.93"
"2012","Antioquia","Nechí","MEDIO","8","15.94"
"2012","Valle del Cauca","Yumbo","SIN RIESGO","46","2.27"
"2012","Nariño","Ricaurte","ALTO","117","63.22"
"2012","Caldas","Manzanares","ALTO","80","64.09"
"2012","Boyacá","Susacón","MEDIO","20","28.06"
"2012","Nariño","Santacruz","ALTO","124","53.21"
"2012","Nariño","Pupiales","ALTO","70","52.15"
"2012","Antioquia","Yolombó","SIN RIESGO","8","3.32"
"2012","Boyacá","San Pablo De Borbur","ALTO","24","45.81"
"2012","Antioquia","Sonson","SIN RIESGO","8","0.00"
"2012","Huila","Pitalito","ALTO","108","38.68"
"2012","Córdoba","Montelíbano","SIN RIESGO","25","3.80"
"2012","Cundinamarca","Pasca","MEDIO","12","25.07"
"2012","Boyacá","Puerto Boyacá","MEDIO","90","17.75"
"2012","Huila","Saladoblanco","ALTO","57","48.06"
"2012","Tolima","Flandes","MEDIO","7","15.32"
"2012","Cauca","Sotará","MEDIO","16","25.33"
"2012","Santander","Lebrija","MEDIO","26","15.66"
"2012","Antioquia","Maceo","SIN RIESGO","7","0.76"
"2012","Boyacá","Tasco","MEDIO","29","20.00"
"2012","Atlántico","Sabanagrande","SIN RIESGO","42","0.00"
"2012","Córdoba","Valencia","MEDIO","10","19.39"
"2012","Santander","Suaita","ALTO","29","35.80"
"2012","Boyacá","El Cocuy","MEDIO","27","26.97"
"2012","Antioquia","Envigado","SIN RIESGO","20","0.97"
"2012","Risaralda","La Virginia","MEDIO","60","21.53"
"2012","Atlántico","Soledad","SIN RIESGO","99","0.37"
"2012","Cauca","Bolívar","BAJO","44","13.71"
"2012","Cundinamarca","Anolaima","BAJO","48","13.96"
"2012","Antioquia","Valdivia","SIN RIESGO","8","0.00"
"2012","Casanare","Villanueva","ALTO","53","36.30"
"2012","Cauca","Miranda","SIN RIESGO","41","3.60"
"2012","Santander","San Benito","ALTO","9","39.51"
"2012","Norte de Santander","Bochalema","MEDIO","18","24.05"
"2012","Santander","Barrancabermeja","SIN RIESGO","193","0.79"
"2012","Antioquia","Santafé De Antioquia","SIN RIESGO","8","0.00"
"2012","Tolima","Prado","ALTO","56","40.42"
"2012","Caquetá","Puerto Rico","SIN RIESGO","2","0.00"
"2012","Atlántico","Campo De La Cruz","MEDIO","23","24.63"
"2012","Tolima","Honda","BAJO","17","11.89"
"2012","Cesar","González","ALTO","6","64.51"
"2012","Cauca","Timbío","BAJO","52","6.96"
"2012","Tolima","Purificación","BAJO","16","9.20"
"2012","La Guajira","Barrancas","BAJO","72","9.85"
"2012","Magdalena","Puebloviejo","INVIABLE SANITARIAMENTE","9","80.39"
"2012","Cundinamarca","Tena","MEDIO","20","15.82"
"2012","Norte de Santander","Salazar","ALTO","18","37.28"
"2012","Huila","Algeciras","ALTO","31","52.71"
"2012","Boyacá","Chíquiza","MEDIO","22","19.07"
"2012","Cundinamarca","Chipaque","BAJO","19","13.22"
"2012","Caquetá","Morelia","ALTO","23","54.36"
"2012","Santander","Aguada","MEDIO","11","22.19"
"2012","Cundinamarca","Chaguaní","MEDIO","10","18.00"
"2012","Tolima","Melgar","BAJO","33","11.33"
"2012","Santander","Piedecuesta","SIN RIESGO","132","0.63"
"2012","Cundinamarca","San Francisco","SIN RIESGO","9","0.62"
"2012","Cesar","Aguachica","SIN RIESGO","37","3.20"
"2012","Nariño","Policarpa","ALTO","110","55.66"
"2012","Boyacá","Tunja","MEDIO","249","20.20"
"2012","Risaralda","Santa Rosa De Cabal","MEDIO","62","24.15"
"2012","Antioquia","Anorí","SIN RIESGO","6","1.20"
"2012","Bolívar","El Carmen De Bolívar","ALTO","10","38.75"
"2012","Antioquia","Campamento","SIN RIESGO","9","0.00"
"2012","Quindio","Quimbaya","SIN RIESGO","24","0.00"
"2012","Antioquia","Ciudad Bolívar","BAJO","24","11.27"
"2012","Nariño","Ospina","BAJO","54","12.42"
"2012","Valle del Cauca","Zarzal","SIN RIESGO","60","0.94"
"2012","Casanare","Recetor","ALTO","10","37.16"
"2012","Boyacá","Motavita","MEDIO","27","21.50"
"2012","Antioquia","Entrerrios","BAJO","8","10.85"
"2012","Boyacá","Floresta","MEDIO","14","32.48"
"2012","Nariño","El Rosario","ALTO","114","65.27"
"2012","Boyacá","Tibaná","ALTO","22","43.52"
"2012","Sucre","La Unión","MEDIO","28","18.13"
"2012","Santander","Bolívar","SIN RIESGO","5","0.71"
"2012","Sucre","San Pedro","MEDIO","17","24.26"
"2012","Caquetá","Curillo","BAJO","17","8.73"
"2012","Boyacá","Zetaquira","ALTO","26","50.98"
"2012","Antioquia","San Vicente","SIN RIESGO","8","0.00"
"2012","Boyacá","Guayatá","ALTO","22","53.05"
"2012","Valle del Cauca","Guacarí","MEDIO","42","16.31"
"2012","Cundinamarca","El Colegio","SIN RIESGO","43","2.73"
"2012","Atlántico","Candelaria","BAJO","29","13.71"
"2012","Cesar","Agustín Codazzi","SIN RIESGO","77","2.19"
"2012","Valle del Cauca","Dagua","MEDIO","84","28.15"
"2012","Caquetá","Florencia","BAJO","77","9.21"
"2012","Valle del Cauca","Ansermanuevo","ALTO","71","46.45"
"2012","Risaralda","Apía","BAJO","71","13.61"
"2012","Atlántico","Repelón","BAJO","36","8.23"
"2012","Córdoba","Cotorra","BAJO","5","5.12"
"2012","Antioquia","Abriaquí","BAJO","9","7.17"
"2012","Valle del Cauca","Florida","BAJO","88","11.05"
"2012","Antioquia","Caucasia","SIN RIESGO","47","4.70"
"2012","Vaupés","Mitú","INVIABLE SANITARIAMENTE","73","87.43"
"2012","Boyacá","Tenza","MEDIO","23","28.63"
"2012","Cundinamarca","Caparrapí","BAJO","10","11.54"
"2012","Putumayo","Leguízamo","MEDIO","2","30.62"
"2012","Cauca","Suárez","BAJO","27","5.92"
"2012","Cesar","El Paso","ALTO","13","39.02"
"2012","Santander","Florián","MEDIO","9","32.58"
"2012","Magdalena","Nueva Granada","ALTO","10","71.25"
"2012","Valle del Cauca","Versalles","ALTO","40","53.57"
"2012","Caldas","Norcasia","ALTO","32","53.83"
"2012","Santander","San Joaquín","BAJO","5","5.90"
"2012","Huila","Guadalupe","ALTO","47","62.29"
"2012","Antioquia","Alejandría","MEDIO","9","19.07"
"2012","Cauca","Mercaderes","BAJO","33","14.07"
"2012","Nariño","Sandoná","BAJO","229","7.42"
"2012","Nariño","Sapuyes","MEDIO","127","14.45"
"2012","Santander","El Carmen De Chucurí","MEDIO","10","17.31"
"2012","Tolima","San Luis","BAJO","2","9.45"
"2012","Cundinamarca","Cachipay","BAJO","43","5.64"
"2012","Cundinamarca","El Peñón","SIN RIESGO","12","1.40"
"2012","Boyacá","Pajarito","MEDIO","22","27.74"
"2012","Santander","El Peñón","ALTO","11","40.41"
"2012","Santander","Albania","BAJO","7","14.01"
"2012","Atlántico","Juan De Acosta","SIN RIESGO","40","0.89"
"2012","Cesar","Curumaní","SIN RIESGO","36","0.84"
"2012","Nariño","Guaitarilla","ALTO","205","41.82"
"2012","Valle del Cauca","Caicedonia","BAJO","54","6.26"
"2012","Cesar","Manaure","ALTO","19","39.63"
"2012","Norte de Santander","Villa Caro","BAJO","5","7.72"
"2012","Magdalena","Algarrobo","MEDIO","27","25.18"
"2012","Boyacá","Paipa","BAJO","52","9.92"
"2012","Tolima","Mariquita","MEDIO","58","15.99"
"2012","Boyacá","El Espino","ALTO","25","43.84"
"2012","Bolívar","San Estanislao","SIN RIESGO","30","1.25"
"2012","Boyacá","Covarachía","MEDIO","17","28.99"
"2012","Boyacá","Busbanzá","SIN RIESGO","21","3.80"
"2012","Antioquia","La Pintada","ALTO","16","50.23"
"2012","Cundinamarca","Yacopí","BAJO","2","10.73"
"2012","Atlántico","Galapa","SIN RIESGO","42","0.00"
"2012","Antioquia","Cisneros","ALTO","45","77.32"
"2012","Antioquia","San Jerónimo","SIN RIESGO","8","3.76"
"2012","Cundinamarca","Gutiérrez","MEDIO","10","16.55"
"2012","Bolívar","Regidor","ALTO","26","56.90"
"2012","Cundinamarca","Anapoima","BAJO","41","11.26"
"2012","Boyacá","Samacá","BAJO","31","11.79"
"2012","Cundinamarca","Medina","MEDIO","9","19.06"
"2012","Antioquia","Liborina","SIN RIESGO","8","0.22"
"2012","Caldas","Belalcázar","ALTO","88","66.65"
"2012","Santander","San Gil","SIN RIESGO","53","3.14"
"2012","Boyacá","Gameza","MEDIO","23","29.08"
"2012","Atlántico","Baranoa","SIN RIESGO","36","0.00"
"2012","Quindio","Buenavista","SIN RIESGO","22","0.00"
"2012","Boyacá","San José De Pare","ALTO","27","36.53"
"2012","Antioquia","Betulia","BAJO","8","13.83"
"2012","Santander","Suratá","MEDIO","7","16.45"
"2012","Santander","Páramo","MEDIO","11","14.61"
"2012","Valle del Cauca","Ginebra","MEDIO","31","29.66"
"2012","Antioquia","Ituango","SIN RIESGO","8","0.54"
"2012","Cauca","Sucre","INVIABLE SANITARIAMENTE","17","81.28"
"2012","Huila","Altamira","ALTO","14","37.88"
"2012","Arauca","Arauca","SIN RIESGO","354","0.98"
"2012","Santander","Guaca","MEDIO","18","22.53"
"2012","Cauca","La Vega","ALTO","44","76.38"
"2012","Antioquia","Montebello","BAJO","8","9.70"
"2012","Tolima","Murillo","ALTO","3","38.15"
"2012","Valle del Cauca","El Cerrito","BAJO","78","7.93"
"2012","Antioquia","Andes","SIN RIESGO","8","4.29"
"2012","Bolívar","Mompós","ALTO","33","36.46"
"2012","Cundinamarca","Junín","MEDIO","10","18.15"
"2012","Tolima","Cajamarca","ALTO","31","77.59"
"2012","Quindio","Filandia","SIN RIESGO","22","2.35"
"2012","Cundinamarca","Tenjo","SIN RIESGO","23","3.64"
"2012","Nariño","Linares","ALTO","142","61.68"
"2012","Antioquia","Bello","SIN RIESGO","60","0.71"
"2012","Norte de Santander","Cácota","ALTO","14","46.20"
"2012","Boyacá","Santa María","MEDIO","19","24.21"
"2012","Atlántico","Sabanalarga","SIN RIESGO","64","0.00"
"2012","Huila","Agrado","ALTO","14","52.13"
"2012","Cesar","Chiriguaná","ALTO","6","47.61"
"2012","Boyacá","Jenesano","ALTO","28","38.25"
"2012","Valle del Cauca","El Cairo","ALTO","56","53.07"
"2012","Valle del Cauca","Bolívar","MEDIO","31","29.28"
"2012","Nariño","Iles","MEDIO","175","28.01"
"2012","Atlántico","Tubará","SIN RIESGO","33","0.00"
"2012","Magdalena","Ariguaní","ALTO","46","41.32"
"2012","Caldas","Samaná","ALTO","129","63.32"
"2012","Sucre","Sincelejo","SIN RIESGO","52","0.72"
"2012","Santander","Puente Nacional","BAJO","9","7.96"
"2012","Sucre","Morroa","SIN RIESGO","10","0.00"
"2012","Huila","Villavieja","MEDIO","45","22.10"
"2012","Cundinamarca","Pulí","MEDIO","3","16.63"
"2012","Antioquia","Remedios","SIN RIESGO","8","2.64"
"2012","Santander","Girón","SIN RIESGO","56","3.38"
"2012","Norte de Santander","Santiago","BAJO","8","13.25"
"2012","Antioquia","San José De La Montaña","SIN RIESGO","8","3.20"
"2012","Cundinamarca","Nimaima","SIN RIESGO","9","2.98"
"2012","Cundinamarca","La Palma","ALTO","1","64.64"
"2012","Norte de Santander","Toledo","MEDIO","19","32.06"
"2012","Antioquia","Jericó","SIN RIESGO","7","3.79"
"2012","Huila","Elías","ALTO","55","53.09"
"2012","Caldas","Chinchiná","MEDIO","118","25.62"
"2012","Putumayo","Colón","ALTO","39","54.98"
"2012","Norte de Santander","Ocaña","BAJO","77","10.18"
"2012","Bolívar","Morales","MEDIO","28","19.72"
"2012","Cundinamarca","Agua De Dios","SIN RIESGO","24","4.88"
"2012","Antioquia","Sabanalarga","SIN RIESGO","8","0.00"
"2012","Cundinamarca","La Peña","BAJO","7","11.48"
"2012","Cundinamarca","Guayabal De Siquima","MEDIO","12","16.76"
"2012","Antioquia","Don Matías","BAJO","8","9.07"
"2012","Boyacá","Paya","MEDIO","17","24.55"
"2012","Córdoba","Sahagún","SIN RIESGO","25","0.73"
"2012","Boyacá","San Luis De Gaceno","MEDIO","29","24.31"
"2012","Magdalena","Tenerife","ALTO","10","35.30"
"2012","Boyacá","Santa Sofía","ALTO","39","56.09"
"2012","Tolima","Coyaima","ALTO","5","42.44"
"2012","Nariño","Cumbitara","ALTO","108","54.06"
"2012","Caldas","Villamaría","ALTO","168","50.81"
"2012","Boyacá","Tópaga","MEDIO","20","31.88"
"2012","Antioquia","Uramita","BAJO","16","7.83"
"2012","Nariño","Providencia","ALTO","108","62.41"
"2012","Antioquia","Yondó","BAJO","9","11.10"
"2012","Antioquia","Titiribí","SIN RIESGO","24","4.05"
"2012","Santander","San Andrés","BAJO","9","8.98"
"2012","Santander","El Guacamayo","MEDIO","9","27.23"
"2012","Huila","Rivera","ALTO","50","37.96"
"2012","Boyacá","Chiscas","ALTO","25","47.00"
"2012","Cundinamarca","Albán","BAJO","23","7.88"
"2012","Meta","Mesetas","ALTO","10","78.72"
"2012","Norte de Santander","La Playa","MEDIO","10","23.74"
"2012","Cundinamarca","Simijaca","MEDIO","9","22.32"
"2012","Risaralda","Dosquebradas","MEDIO","305","22.60"
"2012","Cundinamarca","Vergara","SIN RIESGO","8","2.09"
"2012","Cundinamarca","La Mesa","MEDIO","40","22.91"
"2012","Cundinamarca","Gachetá","BAJO","10","5.77"
"2012","Sucre","San Juan De Betulia","MEDIO","5","35.00"
